"Id","Estrad","Estradl7"
3240,3.1,3.98199727363717
5014,39.4,51.7614460909739
4480,9,4.591567
62,42.97,39.6276376927551
203,30.87,28.8259283021372
5039,48.2,44.6579661055468
5010,50.3,51.4401151346234
18,32.43,26.3969205809478
65,46.23,124.4329
3050,52,151.7379
